{"cameraMode":{"drawMode":0,"name":"Shaded","section":"Shading Mode"},"sceneLighting":true,"audioPlay":false,"sceneViewState":{"m_AlwaysRefresh":true,"showFog":true,"showSkybox":true,"showFlares":true,"showImageEffects":true,"showParticleSystems":true,"showVisualEffectGraphs":true,"m_FxEnabled":true},"in2DMode":false,"pivot":{"x":1260.0396728515625,"y":1082.3975830078125,"z":151.4746551513672},"rotation":{"x":-0.04990026727318764,"y":0.23068799078464509,"z":-0.011847054585814476,"w":-0.9716774225234985},"size":3143.5751953125,"orthographic":false}